{
  "model": "EleutherAI/pythia-410m-deduped",
  "k": 30,
  "eff_rank": 39.6401252746582,
  "battery": {
    "number(sg/pl)": {
      "chan_energy": 0.8578252196311951,
      "transport_cos": 0.6961020231246948,
      "verdict": "CARRIED"
    },
    "gender(m/f)": {
      "chan_energy": 0.6375043988227844,
      "transport_cos": 0.7533522844314575,
      "verdict": "CARRIED"
    },
    "animacy(anim/inan)": {
      "chan_energy": 0.7326680421829224,
      "transport_cos": 0.9669145941734314,
      "verdict": "CARRIED"
    },
    "person-vs-animal": {
      "chan_energy": 0.5783869028091431,
      "transport_cos": 0.851463794708252,
      "verdict": "CARRIED"
    },
    "concrete-vs-abstract": {
      "chan_energy": 0.7499213218688965,
      "transport_cos": 0.9337289333343506,
      "verdict": "CARRIED"
    },
    "common-vs-proper": {
      "chan_energy": 0.1119014322757721,
      "transport_cos": 0.5028965473175049,
      "verdict": "CARRIED"
    }
  },
  "singvals_top": [
    1.8376765251159668,
    1.5850228071212769,
    1.3564670085906982,
    1.335989236831665,
    1.1781821250915527,
    0.9881432056427002,
    0.9441659450531006,
    0.8538457155227661,
    0.7146073579788208,
    0.6206196546554565,
    0.579523503780365,
    0.5538581609725952,
    0.5287680625915527,
    0.500028133392334,
    0.4792325794696808,
    0.46046239137649536,
    0.4302113652229309,
    0.41928911209106445,
    0.4068314731121063,
    0.3834288716316223,
    0.36222928762435913,
    0.34802648425102234,
    0.3432607650756836,
    0.34136152267456055,
    0.32237860560417175,
    0.30916696786880493,
    0.299689918756485,
    0.29302525520324707,
    0.2902986407279968,
    0.28052496910095215,
    0.27840015292167664,
    0.27214938402175903,
    0.25706151127815247,
    0.2519177794456482,
    0.2438681572675705,
    0.23837155103683472,
    0.23401139676570892,
    0.22887185215950012,
    0.22728468477725983,
    0.22387459874153137
  ],
  "word_identity_eta2": {
    "lexical": 1.0000001192092896,
    "transport": 0.16261884570121765
  },
  "top_channels": [
    {
      "channel": 0,
      "singval": 1.8376765251159668,
      "best_feature": "gender(m/f)",
      "cos": 0.0755852460861206
    },
    {
      "channel": 1,
      "singval": 1.5850228071212769,
      "best_feature": "concrete-vs-abstract",
      "cos": 0.08850163966417313
    },
    {
      "channel": 2,
      "singval": 1.3564670085906982,
      "best_feature": "gender(m/f)",
      "cos": 0.1193985790014267
    },
    {
      "channel": 3,
      "singval": 1.335989236831665,
      "best_feature": "animacy(anim/inan)",
      "cos": 0.09822133183479309
    },
    {
      "channel": 4,
      "singval": 1.1781821250915527,
      "best_feature": "gender(m/f)",
      "cos": 0.056363336741924286
    },
    {
      "channel": 5,
      "singval": 0.9881432056427002,
      "best_feature": "gender(m/f)",
      "cos": 0.14574815332889557
    }
  ]
}