{
  "model": "EleutherAI/pythia-410m-deduped",
  "topk": 5,
  "summary": {
    "0": {
      "mean_prob": 0.13618148863315582,
      "common_forced": [
        [
          " were",
          12
        ],
        [
          ",",
          11
        ],
        [
          " is",
          7
        ],
        [
          " are",
          6
        ],
        [
          ".",
          1
        ]
      ],
      "num_agree": 26,
      "num_total": 26,
      "future_probs_from_prompt": [
        0.1361815631389618,
        0.006749263498932123,
        0.011004642583429813,
        0.011725282296538353,
        0.014159239828586578,
        0.0032848739065229893,
        0.022535104304552078,
        0.019883353263139725
      ],
      "overlap_with_rank1": [
        1.0,
        1.0,
        1.0,
        1.0,
        1.0,
        1.0,
        1.0,
        1.0
      ],
      "sg_pl_differ": [
        0.9,
        0.95,
        0.95,
        0.95,
        1.0,
        0.85,
        0.9,
        1.0
      ]
    },
    "1": {
      "mean_prob": 0.10160718113183975,
      "common_forced": [
        [
          " are",
          10
        ],
        [
          " were",
          8
        ],
        [
          " was",
          6
        ],
        [
          ".",
          6
        ],
        [
          ",",
          5
        ]
      ],
      "num_agree": 26,
      "num_total": 26,
      "future_probs_from_prompt": [
        0.10160795599222183,
        0.005399744026362896,
        0.007577875163406134,
        0.014690199866890907,
        0.007890792563557625,
        0.007221665233373642,
        0.017755450680851936,
        0.028739625588059425
      ],
      "overlap_with_rank1": [
        0.0,
        0.3,
        0.3,
        0.25,
        0.225,
        0.2,
        0.125,
        0.1
      ],
      "sg_pl_differ": [
        1.0,
        0.95,
        1.0,
        1.0,
        1.0,
        1.0,
        0.95,
        0.95
      ]
    },
    "2": {
      "mean_prob": 0.0705014020204544,
      "common_forced": [
        [
          " of",
          11
        ],
        [
          ",",
          9
        ],
        [
          " was",
          8
        ],
        [
          " is",
          5
        ],
        [
          ".",
          3
        ]
      ],
      "num_agree": 16,
      "num_total": 16,
      "future_probs_from_prompt": [
        0.07050235569477081,
        0.0036098952405154705,
        0.02157067321240902,
        0.05013405159115791,
        0.0058023883029818535,
        0.005971327889710665,
        0.014609089121222496,
        0.023739757016301155
      ],
      "overlap_with_rank1": [
        0.0,
        0.075,
        0.025,
        0.025,
        0.025,
        0.1,
        0.05,
        0.05
      ],
      "sg_pl_differ": [
        0.95,
        0.95,
        0.95,
        1.0,
        1.0,
        0.95,
        1.0,
        1.0
      ]
    },
    "3": {
      "mean_prob": 0.05644417926669121,
      "common_forced": [
        [
          ",",
          13
        ],
        [
          ".",
          8
        ],
        [
          " of",
          8
        ],
        [
          " was",
          4
        ],
        [
          " is",
          3
        ]
      ],
      "num_agree": 8,
      "num_total": 8,
      "future_probs_from_prompt": [
        0.05644536018371582,
        0.0030661728233098984,
        0.05414683371782303,
        0.0320383720099926,
        0.010732041671872139,
        0.013250557705760002,
        0.01053687371313572,
        0.04365209490060806
      ],
      "overlap_with_rank1": [
        0.0,
        0.075,
        0.025,
        0.025,
        0.05,
        0.025,
        0.025,
        0.025
      ],
      "sg_pl_differ": [
        0.8,
        0.8,
        0.95,
        0.95,
        0.9,
        0.95,
        0.95,
        0.95
      ]
    },
    "4": {
      "mean_prob": 0.03988265618681908,
      "common_forced": [
        [
          " had",
          14
        ],
        [
          ".",
          9
        ],
        [
          " of",
          7
        ],
        [
          " have",
          3
        ],
        [
          ",",
          2
        ]
      ],
      "num_agree": 7,
      "num_total": 7,
      "future_probs_from_prompt": [
        0.039882998913526535,
        0.0028918772004544735,
        0.0059625571593642235,
        0.029776761308312416,
        0.004762489814311266,
        0.010971038602292538,
        0.0216077771037817,
        0.02291402593255043
      ],
      "overlap_with_rank1": [
        0.0,
        0.05,
        0.025,
        0.05,
        0.05,
        0.05,
        0.1,
        0.075
      ],
      "sg_pl_differ": [
        0.65,
        0.65,
        0.7,
        0.85,
        0.8,
        0.85,
        0.8,
        0.75
      ]
    }
  }
}