{
  "matched": {
    "mean": 0.4773897681917463,
    "std": 0.004872780800373346,
    "values": [
      0.46988368034362793,
      0.4825292612825121,
      0.4697000781695048,
      0.4800960435753777,
      0.4757856116408393,
      0.47646339734395343,
      0.4815323437963213,
      0.4845346084662846,
      0.4738936495213282,
      0.4794790077777136
    ]
  },
  "same_cat": {
    "mean": 0.44592288448697043,
    "std": 0.00805659423152707,
    "values": [
      0.4398189839862642,
      0.4522620751744225,
      0.4375960812682197,
      0.44105998958860126,
      0.44763458484695073,
      0.43216695955821444,
      0.45287313631602694,
      0.4603156191962106,
      0.45124117249534246,
      0.44426024243945167
    ]
  },
  "cross_cat": {
    "mean": 0.47369524779773897,
    "std": 0.008583490490835333,
    "values": [
      0.46448961326054167,
      0.46555276002202717,
      0.4749261268547603,
      0.45679045575005667,
      0.48085443462644306,
      0.47475007744062514,
      0.4854435168561481,
      0.47641151150067645,
      0.4740104575951894,
      0.4837235240709214
    ]
  },
  "shuffled": {
    "mean": 0.46337398702190036,
    "std": 0.014903020505591363,
    "values": [
      0.4492546149662563,
      0.4612141592161996,
      0.47527835482642766,
      0.44990878445761545,
      0.4590669430437542,
      0.43620524803797406,
      0.4881971095289503,
      0.4728791330541883,
      0.4631731694652921,
      0.47856235362234567
    ]
  },
  "fixed_word": {
    "mean": 0.5042218328941436,
    "std": 0.00548163186899157,
    "values": [
      0.5011086208479745,
      0.5152131021022797,
      0.5013914803663889,
      0.5047002888861156,
      0.49931836270150687,
      0.5023190052736373,
      0.504517776625497,
      0.5047554614998045,
      0.4962738553682963,
      0.5126203752699352
    ]
  }
}