{
  "2->4": 0.033768641948699954,
  "2->6": 0.0836194634437561,
  "2->8": 0.21055004596710206,
  "2->10": 0.2224098563194275,
  "2->12": 0.34452500343322756,
  "2->14": 0.3521300196647644,
  "2->16": 0.3200438380241394,
  "2->18": 0.33279004096984866,
  "2->20": 0.32743115425109864,
  "2->22": 0.3507884621620178,
  "4->6": 0.08334662914276122,
  "4->8": 0.22371562719345092,
  "4->10": 0.2359595775604248,
  "4->12": 0.36126484870910647,
  "4->14": 0.36623531579971313,
  "4->16": 0.33276554346084597,
  "4->18": 0.34457186460494993,
  "4->20": 0.3322375178337097,
  "4->22": 0.3587205410003662,
  "6->8": 0.21448673009872438,
  "6->10": 0.22818388938903808,
  "6->12": 0.36997207403182986,
  "6->14": 0.3728119730949402,
  "6->16": 0.33476321697235106,
  "6->18": 0.35533002614974973,
  "6->20": 0.3474110960960388,
  "6->22": 0.36489611864089966,
  "8->10": 0.21753082275390626,
  "8->12": 0.3727880477905273,
  "8->14": 0.3752127528190613,
  "8->16": 0.3340366244316101,
  "8->18": 0.3556906461715698,
  "8->20": 0.3433211803436279,
  "8->22": 0.35680447816848754,
  "10->12": 0.3594422936439514,
  "10->14": 0.36061031818389894,
  "10->16": 0.31522364616394044,
  "10->18": 0.34844834804534913,
  "10->20": 0.33364721536636355,
  "10->22": 0.3488136053085327,
  "12->14": 0.3494934797286987,
  "12->16": 0.30084192752838135,
  "12->18": 0.33327494859695433,
  "12->20": 0.3216713309288025,
  "12->22": 0.3279992461204529,
  "14->16": 0.2876202702522278,
  "14->18": 0.32464770078659055,
  "14->20": 0.30999796390533446,
  "14->22": 0.3253874063491821,
  "16->18": 0.32936716079711914,
  "16->20": 0.31037101745605467,
  "16->22": 0.3328575611114502
}