{
  "short_6tok": {
    "matched_r2": 0.43324512243270874,
    "matched_cos": 0.9756544138255873,
    "cross_cat_r2": -0.297206974029541,
    "fixed_r2": -0.1825183153152466,
    "word_specific_delta_r2": 0.7304520964622497
  },
  "long_25tok": {
    "matched_r2": 0.4632704257965088,
    "matched_cos": 0.9747257267173968,
    "cross_cat_r2": -0.38415404558181765,
    "fixed_r2": -0.23901479244232177,
    "word_specific_delta_r2": 0.8474244713783264
  },
  "very_long_45tok": {
    "matched_r2": 0.4275722086429596,
    "matched_cos": 0.9684542182244753,
    "cross_cat_r2": -0.2656331181526184,
    "fixed_r2": -0.18125108480453492,
    "word_specific_delta_r2": 0.693205326795578
  }
}