{
  "pos_0_The": {
    "r2_mean": -0.03374125957489014,
    "r2_std": 0.008554968267016624,
    "cos_mean": -0.19900545615666104,
    "cos_std": 0.028181254971220124
  },
  "pos_1_{noun}": {
    "r2_mean": 0.43324485421180725,
    "r2_std": 0.030435532271467895,
    "cos_mean": 0.6369632475470242,
    "cos_std": 0.02087638046556138
  },
  "pos_2_near": {
    "r2_mean": 0.3855331003665924,
    "r2_std": 0.04515401315651236,
    "cos_mean": 0.6303329272489798,
    "cos_std": 0.02566791141807267
  },
  "pos_3_the": {
    "r2_mean": 0.3638053297996521,
    "r2_std": 0.04920662375124223,
    "cos_mean": 0.6219418617455583,
    "cos_std": 0.02872492783276403
  },
  "pos_4_{N2}": {
    "r2_mean": 0.307281494140625,
    "r2_std": 0.04965253203097424,
    "cos_mean": 0.5862970830578553,
    "cos_std": 0.02897749401324048
  },
  "pos_5_{verb}": {
    "r2_mean": 0.7227723121643066,
    "r2_std": 0.01295976281001218,
    "cos_mean": 0.8428685621211404,
    "cos_std": 0.008546306093822512
  },
  "all_source_r2": 0.4537653923034668,
  "noun_only_r2": 0.43324485421180725,
  "no_noun_r2": 0.38528268337249755,
  "noun_unique_delta_r2": 0.06848270893096925
}